firstName,lastName,email,password,title,dobDay,dobMonth,dobYear,company,address1,address2,state,city,zip,mobile,country,used
Terri,Proctor,terri5850@testmail.com,)ppRVuI92(,Mr.,24,5,1990,Terri Proctor Pvt Ltd,871 Moore Mall Suite 520,Suite 769,North Dakota,West Sandra,67611,9871547504,India,False
Megan,Mccann,megan3799@testmail.com,1O+zI3xC*2,Mrs.,13,1,1994,Megan Mccann Pvt Ltd,09238 Brian Flat Apt. 426,Apt. 618,Kansas,South Ashleystad,14246,9993572768,India,False
Tyler,Jackson,tyler1756@testmail.com,&rCRZdPtp8,Mrs.,27,6,1988,Tyler Jackson Pvt Ltd,5543 Bell Grove,Apt. 202,Tennessee,West Lancestad,87241,9302254101,India,False
Bethany,Huff,bethany4440@testmail.com,(2ITroIiKo,Mrs.,23,7,1994,Bethany Huff Pvt Ltd,394 Evans Tunnel Suite 821,Suite 444,Washington,East Lauren,21581,9106471510,India,False
Michael,Adkins,michael2139@testmail.com,Z(QdN0Jp(#,Mrs.,11,8,1992,Michael Adkins Pvt Ltd,350 Peter Courts Apt. 333,Suite 151,Missouri,Campbellmouth,58284,9909557104,India,False
Pamela,Smith,pamela7162@testmail.com,rVF0Ph+IB!,Mrs.,7,1,1997,Pamela Smith Pvt Ltd,07230 Patton Walks Apt. 448,Suite 778,Tennessee,Vasquezport,73589,9196309355,India,False
John,Nguyen,john6511@testmail.com,+vQbg#Hu2t,Mrs.,22,6,1999,John Nguyen Pvt Ltd,7810 Anderson Tunnel,Apt. 745,Rhode Island,Dawnshire,84257,9881239782,India,False
Emily,Maxwell,emily9128@testmail.com,Y%V0LYVi^#,Mr.,7,8,2000,Emily Maxwell Pvt Ltd,2047 Snow Knolls Apt. 876,Suite 741,Florida,Campbellville,10437,9486338286,India,False
Thomas,Hayes,thomas9562@testmail.com,L)7xLlCS79,Mr.,15,3,1995,Thomas Hayes Pvt Ltd,2131 Mendez Vista Apt. 200,Suite 382,Kentucky,Melissashire,22720,9807319409,India,False
Gerald,Hart,gerald9295@testmail.com,#6YiOc3CHc,Mrs.,4,2,1985,Gerald Hart Pvt Ltd,3245 Rich Common,Suite 742,Idaho,West Marioberg,02203,9106355626,India,False
Lori,Edwards,lori9301@testmail.com,i@2#bEPwKC,Mrs.,2,6,1990,Lori Edwards Pvt Ltd,6089 Albert Rest Suite 988,Apt. 368,Arizona,North Juliefurt,40416,9236756068,India,False
Eric,Kramer,eric9045@testmail.com,+01%f_Uz_T,Mrs.,23,10,1993,Eric Kramer Pvt Ltd,03188 Sanchez Crossing,Suite 676,Oregon,West Sara,31871,9440966352,India,False
Taylor,Hobbs,taylor4931@testmail.com,F$VFC1Fu+w,Mrs.,5,6,1995,Taylor Hobbs Pvt Ltd,1765 Robert Ways Suite 482,Apt. 354,Connecticut,Reyesshire,36852,9563273745,India,False
Jordan,Stewart,jordan7890@testmail.com,$VWw5aqe%0,Mrs.,18,2,1985,Jordan Stewart Pvt Ltd,23199 Hodges Ridge Apt. 431,Apt. 254,Iowa,Port Rachel,06800,9489401179,India,False
Steven,Jackson,steven4810@testmail.com,(c3$yRJqD#,Mr.,23,5,1986,Steven Jackson Pvt Ltd,960 Garcia Mall Suite 430,Apt. 085,Oregon,New Michael,27015,9544524225,India,False
Aaron,Arellano,aaron3490@testmail.com,t!o9A$xaLS,Mrs.,4,5,1982,Aaron Arellano Pvt Ltd,1886 Davis Mills,Apt. 391,West Virginia,Anthonyfurt,25434,9775280587,India,False
Bryan,Andrews,bryan1392@testmail.com,#!7LSUVtuk,Mrs.,8,7,1987,Bryan Andrews Pvt Ltd,11650 Cannon Parkway Apt. 788,Apt. 827,Georgia,East Kelly,11426,9331901014,India,False
Jackie,Hall,jackie9662@testmail.com,po5XtnSf)0,Mr.,25,5,1983,Jackie Hall Pvt Ltd,097 John Well,Apt. 108,Delaware,Joechester,90747,9704046345,India,False
Jamie,Miller,jamie2523@testmail.com,^utzV0dgj0,Mr.,4,9,1987,Jamie Miller Pvt Ltd,995 English Union,Apt. 675,Oregon,Lake Bianca,10929,9570907504,India,False
Desiree,Lee,desiree8762@testmail.com,!5EVpRA!MR,Mr.,15,1,1986,Desiree Lee Pvt Ltd,73461 Tucker Loop,Suite 843,Maryland,Port Michaeltown,98397,9276147025,India,False
Emily,Wilson,emily8769@testmail.com,_1qmG1ErZ5,Mrs.,8,7,1992,Emily Wilson Pvt Ltd,9790 Jeremy Crest,Suite 685,Wyoming,Lake Melissa,27621,9990622955,India,False
Amy,Harmon,amy4236@testmail.com,eIc5c6Vy&*,Mrs.,16,9,1996,Amy Harmon Pvt Ltd,155 Nicholas Plains Suite 685,Apt. 093,North Dakota,West Francisco,96492,9767355343,India,False
Craig,Kelly,craig8175@testmail.com,^sTlm3Qs!1,Mrs.,8,1,1987,Craig Kelly Pvt Ltd,67149 Ellen Villages Apt. 070,Apt. 337,Kentucky,Leeville,41817,9690767499,India,False
Brandy,Bond,brandy3605@testmail.com,z56DdzoLk_,Mr.,12,11,1990,Brandy Bond Pvt Ltd,5558 Doyle Rest Apt. 162,Suite 737,Pennsylvania,North Adrianton,88313,9330838798,India,False
Ashley,Ramos,ashley1485@testmail.com,@8lYCcKqpm,Mr.,3,1,1992,Ashley Ramos Pvt Ltd,2172 Heather Plains,Apt. 244,Alaska,Rasmussenbury,49238,9652800060,India,False
Daniel,Mcguire,daniel5867@testmail.com,@&VwrFN@J5,Mr.,12,11,1980,Daniel Mcguire Pvt Ltd,824 Woods Radial Apt. 078,Suite 576,Alaska,Bryantville,13407,9257475460,India,False
James,Rivas,james1365@testmail.com,^p4ZPFapOn,Mr.,2,11,1987,James Rivas Pvt Ltd,575 Sherman Cliffs Apt. 315,Apt. 134,Kentucky,Lake Jennifer,62061,9897826652,India,False
Tara,Grant,tara3121@testmail.com,z$rf8IYz1!,Mr.,11,6,1995,Tara Grant Pvt Ltd,106 Garcia Hill,Apt. 584,Kansas,Port Tonymouth,76457,9828953755,India,False
Bobby,Mcdonald,bobby3091@testmail.com,@)65R3HbO*,Mr.,20,6,1997,Bobby Mcdonald Pvt Ltd,37887 Mora Hills,Apt. 391,Arizona,Bakerview,80234,9368876195,India,False
Wanda,Howard,wanda7322@testmail.com,%16YDt#hp9,Mr.,5,11,1999,Wanda Howard Pvt Ltd,260 Hopkins Stravenue Suite 174,Apt. 323,Pennsylvania,South Anthony,29210,9424292085,India,False
Christopher,Oconnell,christopher4379@testmail.com,4l(!PG3y$h,Mrs.,8,8,1989,Christopher Oconnell Pvt Ltd,6897 Joseph Ranch Suite 137,Suite 839,Louisiana,Kristinafort,06782,9351737743,India,False
Timothy,Smith,timothy5424@testmail.com,(*8H@0rYTF,Mrs.,6,1,1981,Timothy Smith Pvt Ltd,40017 Matthew Mews Suite 849,Suite 238,Missouri,Justinmouth,02639,9540949103,India,False
Jodi,Mason,jodi9331@testmail.com,^3uGSxuUre,Mr.,15,12,1982,Jodi Mason Pvt Ltd,717 Bishop Cliff Apt. 393,Apt. 142,Missouri,Port Danielfort,13642,9165742103,India,False
John,Gordon,john3062@testmail.com,!3RO9yc2HC,Mr.,6,7,1988,John Gordon Pvt Ltd,2662 Perez Radial Apt. 624,Suite 593,Wisconsin,West Anthonyfort,12839,9536597785,India,False
Crystal,Garcia,crystal3299@testmail.com,6+u3ffVwJb,Mrs.,10,4,1985,Crystal Garcia Pvt Ltd,338 Watkins Causeway,Apt. 513,Connecticut,North Tanyaview,42179,9651204187,India,False
Angela,Rodgers,angela1570@testmail.com,(vifG2FPU3,Mrs.,18,5,1981,Angela Rodgers Pvt Ltd,52740 Erica Fork Apt. 876,Suite 025,Nebraska,Beckyfurt,68857,9557071443,India,False
Timothy,Spencer,timothy5749@testmail.com,XWTXj0o@v^,Mr.,25,6,2000,Timothy Spencer Pvt Ltd,28542 Howard Loop Apt. 461,Suite 772,Rhode Island,Julieview,12552,9567691737,India,False
Dylan,Perez,dylan9457@testmail.com,*Q4Qy+Iz07,Mr.,15,9,1998,Dylan Perez Pvt Ltd,83914 Martinez Stravenue Apt. 604,Suite 375,Florida,Lopezborough,01925,9357491573,India,False
Robert,Bishop,robert3188@testmail.com,r&S3EVGcl7,Mrs.,21,11,1997,Robert Bishop Pvt Ltd,980 Mullins Bypass Apt. 284,Suite 773,Maryland,Sandersborough,88604,9208149097,India,False
William,Moore,william4106@testmail.com,J9!QKPmh&0,Mrs.,14,2,2000,William Moore Pvt Ltd,933 Hamilton Plaza,Suite 849,Virginia,Bakerfurt,21779,9505785783,India,False
Victor,Williams,victor8648@testmail.com,(z9VM2@gyc,Mr.,21,12,1991,Victor Williams Pvt Ltd,85939 Lambert Ford,Suite 953,Florida,West Jessica,76627,9789085395,India,False
Alexander,Mcintosh,alexander3051@testmail.com,%7ChQnr%^z,Mr.,2,7,1981,Alexander Mcintosh Pvt Ltd,7027 Michael Walk Suite 655,Apt. 948,Tennessee,Chapmanburgh,06052,9489456110,India,False
Lynn,Baker,lynn9451@testmail.com,HJ^6dTKe_0,Mr.,10,3,1986,Lynn Baker Pvt Ltd,202 Conrad Creek Apt. 395,Apt. 746,Virginia,West Paul,81323,9448573621,India,False
Sarah,Park,sarah2894@testmail.com,+chGcbnUB5,Mrs.,6,10,1983,Sarah Park Pvt Ltd,2743 Ariana Corners Suite 950,Suite 414,Alabama,Farrellberg,06438,9603640509,India,False
Abigail,Joyce,abigail2868@testmail.com,75Emh!SV)q,Mrs.,27,11,1986,Abigail Joyce Pvt Ltd,7114 Berry Fall Suite 856,Apt. 986,Florida,Joshuaview,60112,9734755021,India,False
Theresa,Burke,theresa4919@testmail.com,+2IYPh82h^,Mr.,13,3,1985,Theresa Burke Pvt Ltd,0562 Garza Extensions Apt. 292,Suite 554,Arizona,North Carolport,81059,9957036613,India,False
Karen,Hill,karen9118@testmail.com,+WtSaBdwW1,Mr.,1,6,1986,Karen Hill Pvt Ltd,38599 Davis Views Suite 194,Suite 608,North Carolina,Cathyville,91332,9393852325,India,False
Pamela,Mercado,pamela5718@testmail.com,ox2Ales@@K,Mrs.,8,9,1997,Pamela Mercado Pvt Ltd,333 Mitchell Meadows,Apt. 433,Ohio,New Brianshire,31785,9878756649,India,False
Tracy,Williams,tracy8486@testmail.com,qHgCGyJy_6,Mrs.,15,5,1991,Tracy Williams Pvt Ltd,492 Hunter Roads Suite 365,Apt. 531,West Virginia,Clairemouth,98630,9144363206,India,False
Bobby,Harris,bobby4155@testmail.com,u(57GnQiU@,Mr.,25,11,1991,Bobby Harris Pvt Ltd,39464 Robert Road,Apt. 334,Utah,Lake Taylorburgh,89474,9600671279,India,False
